song_id,beat_fmeasure,beat_cmlt,beat_amlt,downbeat_fmeasure,downbeat_cmlt,downbeat_amlt
1000669,0.9832285115303985,0.94824016563147,0.94824016563147,0.9017094017094018,0.8381742738589212,0.8381742738589212
1000722,0.9422632794457274,0.8251121076233184,0.8251121076233184,0.8623853211009174,0.8214285714285714,0.8214285714285714
1000972,0.7452991452991453,0.7369614512471655,0.7369614512471655,0.7346938775510203,0.972972972972973,0.972972972972973
1001496,0.9581749049429658,0.9298892988929889,0.9298892988929889,0.81203007518797,0.782608695652174,0.782608695652174
1002271,0.9980952380952381,0.9961977186311787,0.9961977186311787,0.9090909090909091,0.8805970149253731,0.8805970149253731
1004335,0.9422222222222223,0.9203539823008849,0.9203539823008849,0.6315789473684211,0.6206896551724138,0.6206896551724138
1005855,0.9801801801801802,0.9645390070921985,0.9645390070921985,0.8714285714285713,0.8450704225352113,0.8450704225352113
1006284,0.6375000000000001,0.14150943396226415,0.6666666666666666,0.6341463414634146,0.14814814814814814,0.7142857142857143
1020335,0.7256027554535017,0.7175398633257403,0.7175398633257403,0.7214611872146119,0.972972972972973,0.972972972972973
1020800,0.8701854493580599,0.9131652661064426,0.9131652661064426,0.8977272727272728,0.9444444444444444,0.9444444444444444
1021829,0.8200423429781227,0.4139590854392298,0.4139590854392298,0.8112676056338028,0.4182692307692308,0.4182692307692308
102307,0.9880478087649402,0.9814323607427056,0.9814323607427056,0.6526315789473683,0.625,0.625
1025382,0.6096033402922755,0.0,0.7654320987654321,0.5833333333333334,0.0,0.6829268292682927
1026178,0.9910600255427842,0.9847328244274809,0.9847328244274809,0.989795918367347,0.9696969696969697,0.9696969696969697
1028642,0.6225165562913908,0.0,0.8089171974522293,0.6140350877192983,0.0,0.9240506329113924
1030814,0.8606741573033708,0.8300220750551877,0.8300220750551877,0.6339285714285715,0.6578947368421053,0.6578947368421053
1034381,0.9601949634443542,0.9357945425361156,0.9357945425361156,0.964401294498382,0.9617834394904459,0.9617834394904459
1035667,0.9873949579831932,0.975103734439834,0.975103734439834,0.9915966386554621,0.9833333333333333,0.9833333333333333
1037591,0.9860627177700347,0.9725085910652921,0.9725085910652921,0.8275862068965518,0.7972972972972973,0.7972972972972973
104437,0.9877049180327869,0.9757085020242915,0.9757085020242915,0.8253968253968254,0.7121212121212122,0.7121212121212122
1044564,0.6129788897576232,0.0,0.5162037037037037,0.3862928348909657,0.0,0.7314814814814815
104541,0.9831223628691983,0.966804979253112,0.966804979253112,0.9833333333333333,0.9672131147540983,0.9672131147540983
104784,0.9250288350634372,0.8502304147465438,0.8502304147465438,0.1834862385321101,0.11009174311926606,0.11009174311926606
1048325,0.961451247165533,0.9457013574660633,0.9457013574660633,0.9549549549549549,0.9464285714285714,0.9464285714285714
1048878,0.9029475197699498,0.7866847826086957,0.7866847826086957,0.8939828080229226,0.7837837837837838,0.7837837837837838
1051509,0.9921259842519685,0.9843260188087775,0.9843260188087775,0.9316770186335404,0.8902439024390244,0.8902439024390244
1051745,0.966824644549763,0.9353846153846154,0.9353846153846154,0.7701863354037267,0.7023809523809523,0.7023809523809523
1052054,0.9827586206896551,0.9639830508474576,0.9639830508474576,0.8945147679324894,0.8211382113821138,0.8211382113821138
10558,0.6537396121883656,0.0,0.9834710743801653,0.6593406593406593,0.0,0.967741935483871
1060431,0.9367631296891747,0.9058577405857741,0.9058577405857741,0.9610389610389611,0.9658119658119658,0.9658119658119658
1066557,0.6540772532188841,0.0,0.9641943734015346,0.636986301369863,0.0,0.9387755102040817
1070357,0.6529209621993127,0.0,0.9641025641025641,0.636986301369863,0.0,0.9387755102040817
1073487,0.8412556053811658,0.8336314847942755,0.8336314847942755,0.5571428571428572,0.6099290780141844,0.6099290780141844
1079693,0.984076433121019,0.9686520376175548,0.9686520376175548,0.9873417721518987,0.975,0.975
1084284,0.7909867909867909,0.7796610169491526,0.7796610169491526,0.6358024691358025,0.7090909090909091,0.7090909090909091
1097600,0.8110749185667753,0.39058171745152354,0.42292490118577075,0.8181818181818181,0.3956043956043956,0.42857142857142855
1098181,0.9542961608775137,0.8703374777975134,0.8703374777975134,0.8978102189781022,0.8652482269503546,0.8652482269503546
1099681,0.9749854566608495,0.9464692482915718,0.9464692482915718,0.974477958236659,0.9545454545454546,0.9545454545454546
1100484,0.6228893058161351,0.0,0.7713754646840149,0.5221674876847291,0.0,0.9057971014492754
1103560,0.986449864498645,0.9758389261744966,0.9758389261744966,0.8270270270270271,0.8181818181818182,0.8181818181818182
1103785,0.9832826747720366,0.9669172932330827,0.9669172932330827,0.891566265060241,0.863905325443787,0.863905325443787
111045,0.9314128943758574,0.8197368421052632,0.8197368421052632,0.9289617486338798,0.8115183246073299,0.8115183246073299
1110954,0.6534653465346534,0.5220700152207002,0.5220700152207002,0.5592105263157895,0.593939393939394,0.593939393939394
1111424,0.84375,0.8244274809160306,0.8244274809160306,0.7812499999999999,0.8787878787878788,0.8787878787878788
1112439,0.6228893058161351,0.0,0.7713754646840149,0.5221674876847291,0.0,0.9057971014492754
11148,0.9892665474060823,0.9874776386404294,0.9874776386404294,0.29357798165137616,0.0,0.007142857142857143
1116399,0.9721792890262752,0.9474497681607419,0.9474497681607419,0.9753086419753086,0.9506172839506173,0.9506172839506173
1117083,0.5284360189573459,0.4703389830508475,0.4703389830508475,0.5377358490566038,0.4661016949152542,0.4661016949152542
1117851,0.7802755620014503,0.29488703923900117,0.5390334572490706,0.7803468208092486,0.2890995260663507,0.5481481481481482
1125778,0.6519558676028084,0.0,0.9729323308270676,0.64,0.006024096385542169,0.9640718562874252
112777,0.9616613418530351,0.9462025316455697,0.9462025316455697,0.9681528662420382,0.9493670886075949,0.9493670886075949
1138639,0.9971799210377891,0.9943757030371203,0.9943757030371203,0.8873873873873874,0.8834080717488789,0.8834080717488789
1140226,0.6233766233766234,0.0,0.4621212121212121,0.6185567010309279,0.0,0.45454545454545453
1143814,0.924401913875598,0.9180952380952381,0.9180952380952381,0.9236641221374045,0.9848484848484849,0.9848484848484849
1144363,0.9828982898289829,0.9784560143626571,0.9784560143626571,0.974910394265233,0.9785714285714285,0.9785714285714285
1144382,0.981574539363484,0.966996699669967,0.966996699669967,0.8933333333333333,0.8571428571428571,0.8571428571428571
114490,0.981417756366139,0.9673469387755103,0.9673469387755103,0.978021978021978,0.9728260869565217,0.9728260869565217
1145925,0.9690346083788707,0.9532374100719424,0.9532374100719424,0.9640287769784172,0.9436619718309859,0.9436619718309859
1153959,0.9766162310866574,0.9564032697547684,0.9564032697547684,0.8021978021978022,0.7934782608695652,0.7934782608695652
1156668,0.6570743405275778,0.0,0.9785714285714285,0.6666666666666666,0.0,1.0
1157063,0.9407540394973071,0.9285714285714286,0.9285714285714286,0.8591549295774648,0.8082191780821918,0.8082191780821918
1164168,0.9794238683127571,0.9653767820773931,0.9653767820773931,0.9098360655737704,0.8870967741935484,0.8870967741935484
1171142,0.9853479853479854,0.9781021897810219,0.9781021897810219,0.8591549295774648,0.7702702702702703,0.7702702702702703
1171966,0.9766037735849056,0.96274217585693,0.96274217585693,0.9244712990936557,0.9166666666666666,0.9166666666666666
1171995,0.4247967479674796,0.15458937198067632,0.256198347107438,0.1752988047808765,0.075,0.25274725274725274
1173332,0.9661399548532731,0.9551569506726457,0.9551569506726457,0.972972972972973,0.9464285714285714,0.9464285714285714
1177947,0.963294538943599,0.9438596491228071,0.9438596491228071,0.9,0.8802816901408451,0.8802816901408451
1179754,0.8691384950926935,0.8639825897714908,0.8639825897714908,0.8714596949891068,0.9869565217391304,0.9869565217391304
1179995,0.9963503649635036,0.9854545454545455,0.9854545454545455,0.9857142857142858,0.9436619718309859,0.9436619718309859
118166,0.9689578713968957,0.9376344086021505,0.9376344086021505,0.9691629955947136,0.9316239316239316,0.9316239316239316
1189927,0.9739027283511269,0.9693034238488784,0.9693034238488784,0.9786223277909739,0.9811320754716981,0.9811320754716981
11932,0.9358830146231721,0.8792372881355932,0.8792372881355932,0.9327354260089686,0.8728813559322034,0.8728813559322034
1194661,0.9509933774834438,0.9298701298701298,0.9298701298701298,0.9368421052631579,0.9175257731958762,0.9175257731958762
11954,0.978750804893754,0.9537869062901155,0.9537869062901155,0.979381443298969,0.9536082474226805,0.9536082474226805
1198125,0.8586080586080587,0.54296875,0.54296875,0.7580174927113703,0.46113989637305697,0.46113989637305697
1198327,0.9826989619377162,0.9659863945578231,0.9659863945578231,0.9103448275862069,0.8783783783783784,0.8783783783783784
1199549,0.9979123173277662,0.9958333333333333,0.9958333333333333,1.0,1.0,1.0
120178,0.9625668449197861,0.9233449477351916,0.9233449477351916,0.9577464788732394,0.9178082191780822,0.9178082191780822
1204304,0.9826086956521739,0.9572649572649573,0.9572649572649573,0.0,0.0,0.9310344827586207
1207305,0.9341142020497805,0.7955801104972375,0.7955801104972375,0.9043478260869566,0.75,0.75
121064,0.6298200514138818,0.0,0.9424184261036468,0.6256410256410256,0.0,0.9847328244274809
1212359,0.9149198520345253,0.8660287081339713,0.8660287081339713,0.8410256410256411,0.7857142857142857,0.7857142857142857
121906,0.9525801952580195,0.9366391184573003,0.9366391184573003,0.9470752089136492,0.9615384615384616,0.9615384615384616
1220443,0.9725490196078431,0.9482758620689655,0.9482758620689655,0.96875,0.9465648854961832,0.9465648854961832
1223739,0.9537223340040241,0.8666666666666667,0.8666666666666667,0.944,0.859375,0.859375
1224232,0.6606334841628959,0.0,0.9864864864864865,0.6666666666666666,0.0,1.0
122520,0.5519287833827893,0.009302325581395349,0.6557377049180327,0.4705882352941177,0.0,0.6333333333333333
1230998,0.9809992962702322,0.9706703910614525,0.9706703910614525,0.9747899159663865,0.9777777777777777,0.9777777777777777
123489,0.9662398137369034,0.9518348623853211,0.9518348623853211,0.7870370370370371,0.7545454545454545,0.7545454545454545
1235574,0.9724310776942356,0.9556650246305419,0.9556650246305419,0.9700000000000001,0.9607843137254902,0.9607843137254902
123956,0.9799382716049382,0.966412213740458,0.966412213740458,0.9784615384615384,0.9575757575757575,0.9575757575757575
12431,0.9571106094808126,0.954954954954955,0.954954954954955,0.9464285714285714,1.0,1.0
1244230,0.969258589511754,0.9571428571428572,0.9571428571428572,0.8920863309352517,0.8732394366197183,0.8732394366197183
1248526,0.9396433470507545,0.9305177111716622,0.9305177111716622,0.8931506849315068,0.8804347826086957,0.8804347826086957
1249048,0.9239130434782609,0.8673469387755102,0.8673469387755102,0.924731182795699,0.86,0.86
1250507,0.9873949579831932,0.975103734439834,0.975103734439834,0.9915966386554621,0.9833333333333333,0.9833333333333333
1250977,0.8740849194729138,0.8589928057553957,0.8589928057553957,0.8771929824561403,0.9655172413793104,0.9655172413793104
1251736,0.8284789644012946,0.46537396121883656,0.46537396121883656,0.8129032258064516,0.43956043956043955,0.43956043956043955
1252844,0.5714285714285714,0.5472154963680388,0.5472154963680388,0.575609756097561,0.6538461538461539,0.6538461538461539
1253361,0.6084848484848485,0.0,0.8833922261484098,0.6028708133971291,0.0,0.8732394366197183
1254187,0.9410150891632373,0.9292517006802721,0.9292517006802721,0.9344262295081968,0.9297297297297298,0.9297297297297298
1254404,0.7032181168057211,0.6720554272517321,0.6720554272517321,0.6919431279620853,0.9357798165137615,0.9357798165137615
1261605,0.9776609724047307,0.973753280839895,0.973753280839895,0.9738219895287958,0.9583333333333334,0.9583333333333334
126583,0.9625668449197861,0.9233449477351916,0.9233449477351916,0.9577464788732394,0.9178082191780822,0.9178082191780822
1268188,0.9464285714285715,0.9217391304347826,0.9217391304347826,0.875,0.8448275862068966,0.8448275862068966
1268824,0.988034188034188,0.984641638225256,0.984641638225256,0.9965870307167235,0.9931972789115646,0.9931972789115646
1269896,0.7303754266211604,0.1783783783783784,0.6805555555555556,0.5034013605442177,0.0,0.7037037037037037
1272018,0.9801699716713882,0.9663865546218487,0.9663865546218487,0.983050847457627,0.9555555555555556,0.9555555555555556
1274790,0.6570743405275778,0.0,0.9785714285714285,0.6666666666666666,0.0,1.0
1276213,0.9420560747663552,0.922509225092251,0.922509225092251,0.6518518518518519,0.6470588235294118,0.6470588235294118
1279201,0.9603803486529318,0.9318885448916409,0.9318885448916409,0.9685534591194969,0.926829268292683,0.926829268292683
1291365,0.9822834645669292,0.974559686888454,0.974559686888454,0.8784313725490196,0.8671875,0.8671875
129299,0.9877149877149877,0.9804878048780488,0.9804878048780488,0.9902912621359222,0.9807692307692307,0.9807692307692307
1294231,0.9924812030075187,0.9887640449438202,0.9887640449438202,0.9924812030075187,0.9850746268656716,0.9850746268656716
1296562,0.9955713020372011,0.9911816578483245,0.9911816578483245,0.96113074204947,0.9440559440559441,0.9440559440559441
1300115,0.9727047146401985,0.9468599033816425,0.9468599033816425,0.9702970297029703,0.9423076923076923,0.9423076923076923
1301360,0.5396383866481224,0.16043956043956045,0.25,0.3444444444444445,0.15789473684210525,0.4696969696969697
13022,0.9722222222222223,0.9568627450980393,0.9568627450980393,0.23622047244094488,0.25,0.703125
1303143,0.9662921348314608,0.9437908496732026,0.9437908496732026,0.9033942558746736,0.8673469387755102,0.8673469387755102
1304759,0.8931337119256583,0.7490272373540856,0.7490272373540856,0.8765432098765432,0.7713178294573644,0.7713178294573644
1305320,0.653393665158371,0.0,0.654054054054054,0.628158844765343,0.0,0.6989247311827957
1306570,0.9698952879581153,0.9432989690721649,0.9432989690721649,0.9608355091383811,0.9435897435897436,0.9435897435897436
130704,0.9990817263544537,0.998165137614679,0.998165137614679,0.9963369963369962,0.9927007299270073,0.9927007299270073
1316097,0.653517422748192,0.0,0.6608187134502924,0.6544502617801047,0.0,0.6589147286821705
13163,0.8815165876777252,0.8214285714285714,0.8214285714285714,0.8761904761904763,0.8392857142857143,0.8392857142857143
13177,0.9669669669669669,0.9543650793650794,0.9543650793650794,0.9603174603174603,0.953125,0.953125
1319560,0.9427679500520292,0.9163265306122449,0.9163265306122449,0.9377593360995852,0.9186991869918699,0.9186991869918699
132007,0.9030431705590942,0.6748704663212435,0.6748704663212435,0.8870056497175142,0.6597938144329897,0.6597938144329897
1320850,0.9953416149068323,0.990726429675425,0.990726429675425,0.9969040247678018,0.9938271604938271,0.9938271604938271
1323906,0.8528528528528528,0.8081395348837209,0.8081395348837209,0.5714285714285713,0.5454545454545454,0.5454545454545454
1325620,0.9195402298850575,0.8544776119402985,0.8544776119402985,0.7794117647058825,0.6712328767123288,0.6712328767123288
132621,0.9392265193370166,0.9281767955801105,0.9281767955801105,0.8131868131868132,0.782608695652174,0.782608695652174
1328147,0.9606299212598426,0.9238578680203046,0.9238578680203046,0.9583333333333334,0.9,0.9
1330252,0.9660107334525939,0.9520426287744227,0.9520426287744227,0.597864768683274,0.5804195804195804,0.5804195804195804
1331950,0.9852941176470589,0.9710144927536232,0.9710144927536232,0.9852941176470589,0.9710144927536232,0.9710144927536232
1333508,0.6630196936542669,0.0,0.9901960784313726,0.5130434782608695,0.0,0.5641025641025641
134008,0.8966971187631764,0.6662404092071611,0.6662404092071611,0.8820224719101124,0.6581632653061225,0.6581632653061225
134195,0.9895470383275261,0.9793103448275862,0.9793103448275862,0.9863013698630138,0.972972972972973,0.972972972972973
1342689,0.9877112135176651,0.9785932721712538,0.9785932721712538,0.9631901840490797,0.9512195121951219,0.9512195121951219
1343602,0.9104477611940298,0.8768115942028986,0.8768115942028986,0.8985507246376813,0.8333333333333334,0.8333333333333334
1346476,0.9818181818181818,0.9735973597359736,0.9735973597359736,0.9403973509933775,0.9210526315789473,0.9210526315789473
1351876,0.8764665286404417,0.8661202185792349,0.8661202185792349,0.36151603498542273,0.2737430167597765,0.2737430167597765
1355292,0.984848484848485,0.97,0.97,0.98,0.9411764705882353,0.9411764705882353
1369270,0.9724770642201834,0.9514066496163683,0.9514066496163683,0.9738219895287958,0.9489795918367347,0.9489795918367347
1369417,0.9841628959276018,0.9665924276169265,0.9665924276169265,0.9819819819819819,0.9557522123893806,0.9557522123893806
1370456,0.9311663479923518,0.9132075471698113,0.9132075471698113,0.9242424242424241,0.9172932330827067,0.9172932330827067
1373789,0.9300476947535771,0.8979907264296755,0.8979907264296755,0.9240506329113924,0.8834355828220859,0.8834355828220859
13737,1.0,1.0,1.0,1.0,1.0,1.0
1374327,0.7157534246575342,0.21787709497206703,0.3561946902654867,0.5870307167235495,0.1388888888888889,0.5752212389380531
1375253,0.991869918699187,0.9838709677419355,0.9838709677419355,0.991869918699187,0.9838709677419355,0.9838709677419355
1380176,0.9631578947368422,0.9333333333333333,0.9333333333333333,0.9583333333333334,0.9,0.9
1383165,0.9003831417624522,0.8909774436090225,0.8909774436090225,0.6106870229007635,0.6666666666666666,0.6666666666666666
13841,0.7748976807639837,0.7246753246753247,0.7246753246753247,0.7608695652173912,0.7525773195876289,0.7525773195876289
1390922,0.9891304347826088,0.977299880525687,0.977299880525687,0.9879518072289156,0.9714285714285714,0.9714285714285714
1391589,0.9698189134808853,0.92578125,0.92578125,0.976,0.953125,0.953125
1398580,0.5341002465078061,0.0,0.7965686274509803,0.5359477124183006,0.0,0.9320388349514563
1405001,0.9001883239171374,0.71875,0.71875,0.8805970149253732,0.7222222222222222,0.7222222222222222
1412590,0.9974683544303797,0.9949494949494949,0.9949494949494949,1.0,1.0,1.0
1415502,0.9349442379182156,0.8282647584973166,0.8282647584973166,0.6051660516605166,0.55,0.55
1422944,0.9316770186335405,0.9139344262295082,0.9139344262295082,0.9256198347107439,0.9836065573770492,0.9836065573770492
1423394,0.8421052631578948,0.6745562130177515,0.6745562130177515,0.8289473684210527,0.6705882352941176,0.6705882352941176
14235,0.9968454258675079,0.9916142557651991,0.9916142557651991,0.99581589958159,0.9833333333333333,0.9833333333333333
1423969,0.40217391304347827,0.047128129602356406,0.08941176470588236,0.5272727272727273,0.04017857142857143,0.5178571428571429
1424630,0.7960322380657161,0.6405529953917051,0.6405529953917051,0.6778846153846154,0.5782608695652174,0.5782608695652174
142668,0.44967320261437904,0.4381443298969072,0.5193798449612403,0.44791666666666663,0.9591836734693877,0.9591836734693877
1429021,0.9880478087649402,0.9763779527559056,0.9763779527559056,0.9841269841269841,0.96875,0.96875
1431435,0.9887640449438202,0.9791666666666666,0.9791666666666666,0.9580838323353293,0.9467455621301775,0.9467455621301775
143316,0.9145052833813642,0.8803738317757009,0.8803738317757009,0.8812260536398467,0.8888888888888888,0.8888888888888888
143507,0.9511941848390446,0.908,0.908,0.9218106995884775,0.88,0.88
143717,0.9945355191256832,0.9927272727272727,0.9927272727272727,1.0,1.0,1.0
1437421,0.9672131147540983,0.9572192513368984,0.9572192513368984,0.891304347826087,0.851063829787234,0.851063829787234
1438239,0.8055401662049861,0.5123395853899309,0.5123395853899309,0.7699115044247787,0.5354330708661418,0.5354330708661418
1443188,0.7105561861520999,0.11806797853309481,0.7667185069984448,0.7149321266968325,0.12142857142857143,0.7639751552795031
1444242,0.9801801801801802,0.9645390070921985,0.9645390070921985,0.8714285714285713,0.8450704225352113,0.8450704225352113
144668,0.6467289719626168,0.0,0.9346049046321526,0.13333333333333333,0.0,0.16129032258064516
1456710,0.913327120223672,0.7253521126760564,0.7253521126760564,0.8996282527881041,0.7323943661971831,0.7323943661971831
1458224,0.5752427184466019,0.0,0.6550522648083623,0.4952380952380952,0.0,0.4246575342465753
1459646,0.9949238578680203,0.9848484848484849,0.9848484848484849,0.98989898989899,0.98,0.98
1460718,0.9790957705396208,0.9700772200772201,0.9700772200772201,0.7906976744186046,0.7846153846153846,0.7846153846153846
1461145,0.9025367156208278,0.8467532467532467,0.8467532467532467,0.8936170212765957,0.8762886597938144,0.8762886597938144
1466264,0.7469512195121951,0.19708029197080293,0.5346938775510204,0.743202416918429,0.19230769230769232,0.43089430894308944
1468194,0.9629629629629629,0.9615384615384616,0.9615384615384616,0.8251748251748252,0.8472222222222222,0.8472222222222222
1476977,0.8552631578947368,0.7814285714285715,0.7814285714285715,0.7405247813411078,0.6931818181818182,0.6931818181818182
1478451,0.9142857142857143,0.8888888888888888,0.8888888888888888,0.9142857142857143,0.8888888888888888,0.8888888888888888
1486782,0.9925373134328358,0.9851851851851852,0.9851851851851852,0.9925925925925926,0.9852941176470589,0.9852941176470589
14898,0.9602888086642599,0.9154929577464789,0.9154929577464789,0.9295774647887325,0.8378378378378378,0.8378378378378378
1493511,0.9631578947368421,0.9331619537275064,0.9331619537275064,0.9528795811518325,0.9183673469387755,0.9183673469387755
14983,0.9770992366412214,0.9654427645788337,0.9654427645788337,0.9826086956521738,0.9827586206896551,0.9827586206896551
1503987,0.9664804469273743,0.95,0.95,0.9230769230769231,0.9130434782608695,0.9130434782608695
150491,0.9807692307692307,0.9581218274111675,0.9581218274111675,0.9769820971867008,0.9595959595959596,0.9595959595959596
1507979,0.8423728813559322,0.5273264401772526,0.5273264401772526,0.7878787878787878,0.49122807017543857,0.49122807017543857
1510106,0.976969696969697,0.96875,0.96875,0.9782082324455207,0.9712918660287081,0.9712918660287081
151320,0.9675925925925926,0.9444444444444444,0.9444444444444444,0.9541284403669724,0.9272727272727272,0.9272727272727272
1515209,0.9705671213208903,0.9427753934191703,0.9427753934191703,0.9540229885057472,0.9425287356321839,0.9425287356321839
1519259,0.9657387580299786,0.9449152542372882,0.9449152542372882,0.9531914893617022,0.9495798319327731,0.9495798319327731
1519502,0.9742765273311896,0.9498432601880877,0.9498432601880877,0.3694267515923567,0.345679012345679,0.5875
1519920,0.9704510108864697,0.9569230769230769,0.9569230769230769,0.7607361963190183,0.7469879518072289,0.7469879518072289
1522615,0.9539518900343642,0.9400544959128065,0.9400544959128065,0.9534246575342465,0.9619565217391305,0.9619565217391305
1522743,0.9805749805749805,0.9721792890262752,0.9721792890262752,0.9627329192546583,0.9629629629629629,0.9629629629629629
1524363,0.8857677902621723,0.6383701188455009,0.6383701188455009,0.8805970149253731,0.6418918918918919,0.6418918918918919
1524839,0.823529411764706,0.4359281437125748,0.4359281437125748,0.818941504178273,0.4380952380952381,0.4380952380952381
1527095,0.9662921348314608,0.9437908496732026,0.9437908496732026,0.9033942558746736,0.8673469387755102,0.8673469387755102
1529466,0.9838709677419355,0.9708222811671088,0.9708222811671088,0.07179487179487179,0.0,0.0
1530096,0.9991941982272361,0.998389694041868,0.998389694041868,0.6249999999999999,0.4419889502762431,0.4419889502762431
1531683,0.6625,0.0,0.5875,0.6611570247933884,0.0,0.575
1531745,0.9367816091954023,0.9261363636363636,0.9261363636363636,0.9485714285714285,0.9213483146067416,0.9213483146067416
1532736,0.8982597054886211,0.8958611481975968,0.8958611481975968,0.8983957219251336,0.983957219251337,0.983957219251337
15341,0.9411764705882353,0.8906752411575563,0.8906752411575563,0.8993288590604026,0.8461538461538461,0.8461538461538461
1536850,0.9322974472807991,0.9050772626931567,0.9050772626931567,0.9026548672566371,0.8859649122807017,0.8859649122807017
153776,0.9668109668109668,0.962589928057554,0.962589928057554,0.8472622478386167,0.8571428571428571,0.8571428571428571
1539923,0.8834355828220859,0.8816326530612245,0.8816326530612245,0.8780487804878049,0.9838709677419355,0.9838709677419355
1539995,0.9924670433145009,0.9887218045112782,0.9887218045112782,0.06766917293233082,0.06766917293233082,0.06766917293233082
1540212,0.6233905579399142,0.0,0.8515625,0.5555555555555556,0.0,0.45
1540873,0.9814221652786674,0.95448798988622,0.95448798988622,0.9846938775510203,0.964824120603015,0.964824120603015
1546547,0.6625882352941176,0.012031139419674451,0.6882022471910112,0.47744360902255645,0.014124293785310734,0.9719101123595506
1546952,0.9677419354838711,0.9724770642201835,0.9724770642201835,0.9818181818181818,0.9285714285714286,0.9285714285714286
15476,0.9981851179673321,0.9963768115942029,0.9963768115942029,1.0,1.0,1.0
1549675,0.9197860962566845,0.9572953736654805,0.9572953736654805,0.9078014184397163,0.9436619718309859,0.9436619718309859
1552723,0.6242603550295859,0.0,0.5574837310195228,0.912751677852349,0.8580645161290322,0.8580645161290322
1556131,0.9647435897435898,0.8739669421487604,0.8739669421487604,0.9615384615384616,0.8760330578512396,0.8760330578512396
155767,0.8987108655616943,0.8203389830508474,0.8203389830508474,0.3,0.2191780821917808,0.4246575342465753
1563334,0.9776536312849161,0.961218836565097,0.961218836565097,0.9723756906077348,0.9456521739130435,0.9456521739130435
15642,0.9782178217821782,0.9724409448818898,0.9724409448818898,0.96875,0.9384615384615385,0.9384615384615385
1564795,0.9562913907284768,0.9295039164490861,0.9295039164490861,0.7195767195767196,0.6875,0.6875
1565827,0.8137472283813748,0.7957446808510639,0.7957446808510639,0.8141592920353983,0.8135593220338984,0.8135593220338984
1568551,0.9719101123595506,0.9606741573033708,0.9606741573033708,0.9555555555555556,0.9333333333333333,0.9333333333333333
1572759,0.9933774834437086,0.9868421052631579,0.9868421052631579,0.5614035087719299,0.5344827586206896,0.5344827586206896
1572863,0.9946091644204852,0.9892761394101877,0.9892761394101877,0.9946524064171123,0.9893617021276596,0.9893617021276596
1575172,0.9947089947089947,0.9894736842105263,0.9894736842105263,0.9947089947089947,0.9894736842105263,0.9894736842105263
157617,0.9693564862104187,0.9303733602421796,0.9303733602421796,0.9572301425661914,0.9477911646586346,0.9477911646586346
1580085,0.1656891495601173,0.1608187134502924,0.8038067349926794,0.10526315789473684,0.75,0.75
1581056,0.9915254237288135,0.9831932773109243,0.9831932773109243,0.9420289855072465,0.9282296650717703,0.9282296650717703
158142,0.9312714776632303,0.8926174496644296,0.8926174496644296,0.9387755102040817,0.9210526315789473,0.9210526315789473
1587613,0.9770723104056437,0.9666666666666667,0.9666666666666667,0.8432055749128919,0.8082191780821918,0.8082191780821918
1588756,0.9581749049429659,0.9288888888888889,0.9288888888888889,0.9567198177676537,0.9511111111111111,0.9511111111111111
1589186,0.9663716814159291,0.934931506849315,0.934931506849315,0.971830985915493,0.9452054794520548,0.9452054794520548
1590001,0.9929078014184397,0.9859154929577465,0.9859154929577465,0.5352112676056338,0.5,0.5
1593057,0.9841628959276018,0.9774266365688488,0.9774266365688488,0.9773755656108598,0.963963963963964,0.963963963963964
15973,0.8218029350104822,0.6653386454183267,0.6653386454183267,0.7933884297520662,0.6666666666666666,0.6666666666666666
1598238,0.9796954314720813,0.9763113367174281,0.9763113367174281,0.9731543624161074,0.9533333333333334,0.9533333333333334
1607459,0.4237804878048781,0.0,0.5959821428571429,0.3841463414634146,0.0,0.6517857142857143
1610984,0.9828414550446122,0.9660326086956522,0.9660326086956522,0.9427792915531336,0.9247311827956989,0.9247311827956989
1622117,0.8932461873638345,0.8571428571428571,0.8571428571428571,0.5800865800865802,0.5677966101694916,0.5677966101694916
1625207,1.0,1.0,1.0,1.0,1.0,1.0
1626625,0.9896907216494845,0.9761092150170648,0.9761092150170648,0.9315068493150684,0.9054054054054054,0.9054054054054054
1626872,0.9914204003813156,0.9866920152091255,0.9866920152091255,0.9885931558935361,0.9772727272727273,0.9772727272727273
1629837,0.9764837625979844,0.9646017699115044,0.9646017699115044,0.9732142857142857,0.9646017699115044,0.9646017699115044
162996,0.9681050656660414,0.9325842696629213,0.9325842696629213,0.9701492537313433,0.9253731343283582,0.9253731343283582
163253,0.978021978021978,0.956989247311828,0.956989247311828,0.9726775956284154,0.9468085106382979,0.9468085106382979
1634616,0.9810344827586207,0.9659284497444633,0.9659284497444633,0.9828178694158076,0.9594594594594594,0.9594594594594594
1636657,0.9874055415617128,0.9800498753117207,0.9800498753117207,0.99,0.9801980198019802,0.9801980198019802
1636898,0.9820971867007673,0.964824120603015,0.964824120603015,0.9795918367346939,0.96,0.96
1639207,0.974559686888454,0.950381679389313,0.950381679389313,0.9767441860465117,0.9545454545454546,0.9545454545454546
1642914,0.9764011799410028,0.9538904899135446,0.9538904899135446,0.7485380116959065,0.7159090909090909,0.7159090909090909
164692,0.9966101694915254,0.9932432432432432,0.9932432432432432,0.8533333333333334,0.8421052631578947,0.8421052631578947
1650892,0.9795918367346939,0.9466666666666667,0.9466666666666667,0.0,0.0,0.8947368421052632
165693,0.9564575645756457,0.9244186046511628,0.9244186046511628,0.31176470588235294,0.0,0.011627906976744186
1658809,0.3422114608555286,0.3306709265175719,0.6112,0.34838709677419355,0.9617834394904459,0.9617834394904459
166583,0.8228105906313646,0.8104838709677419,0.8104838709677419,0.8064516129032259,0.9365079365079365,0.9365079365079365
1669419,0.9696969696969696,0.9570405727923628,0.9570405727923628,0.7211538461538461,0.7075471698113207,0.7075471698113207
1670892,0.6503067484662577,0.0,0.9636363636363636,0.6504065040650406,0.0,0.975609756097561
1673436,0.9694793536804309,0.9438596491228071,0.9438596491228071,0.5394736842105263,0.3333333333333333,0.3333333333333333
1674456,0.9934065934065934,0.9847161572052402,0.9847161572052402,0.9868995633187774,0.9655172413793104,0.9655172413793104
167604,0.9712092130518234,0.9618320610687023,0.9618320610687023,0.9846153846153847,0.9696969696969697,0.9696969696969697
1676960,0.6472196900638103,0.0,0.9540540540540541,0.6304347826086957,0.0,0.6666666666666666
1677784,0.9488859764089121,0.9328165374677002,0.9328165374677002,0.9479166666666666,0.9387755102040817,0.9387755102040817
1678580,0.9662027833001988,0.9346153846153846,0.9346153846153846,0.9682539682539683,0.9384615384615385,0.9384615384615385
1679466,0.7351778656126482,0.47575057736720555,0.47575057736720555,0.7368421052631579,0.48148148148148145,0.48148148148148145
168201,0.8268839103869653,0.8185483870967742,0.8185483870967742,0.8064516129032259,0.9365079365079365,0.9365079365079365
168253,0.9791271347248577,0.9325842696629213,0.9325842696629213,0.9848484848484849,0.9253731343283582,0.9253731343283582
1683459,0.9947368421052631,0.9947368421052631,0.9947368421052631,1.0,1.0,1.0
1685032,0.9001883239171374,0.71875,0.71875,0.8805970149253732,0.7222222222222222,0.7222222222222222
1688067,0.9970501474926253,0.9941176470588236,0.9941176470588236,1.0,1.0,1.0
1688873,0.6823720552396426,0.3557422969187675,0.3557422969187675,0.6153846153846154,0.3901098901098901,0.3901098901098901
1693123,0.9889624724061811,0.9868131868131869,0.9868131868131869,0.9911504424778761,0.9824561403508771,0.9824561403508771
1694155,0.9795081967213114,0.9598393574297188,0.9598393574297188,0.9836065573770492,0.967741935483871,0.967741935483871
1698859,0.9779559118236473,0.9529411764705882,0.9529411764705882,0.9682539682539683,0.9230769230769231,0.9230769230769231
1707021,0.9701834862385321,0.9580498866213152,0.9580498866213152,0.9680365296803655,0.9684684684684685,0.9684684684684685
1719578,0.9912280701754386,0.9847494553376906,0.9847494553376906,0.9912280701754386,0.9826086956521739,0.9826086956521739
172055,0.9676190476190476,0.9639468690702088,0.9639468690702088,0.9657794676806084,0.9772727272727273,0.9772727272727273
1722410,0.9944994499449945,0.9890590809628009,0.9890590809628009,0.9912280701754386,0.9826086956521739,0.9826086956521739
172907,0.8065173116089612,0.7862903225806451,0.7862903225806451,0.8064516129032259,0.9365079365079365,0.9365079365079365
1730072,0.6177076183939602,0.0,0.8251028806584362,0.4808743169398906,0.0,0.7213114754098361
1730467,0.9884057971014493,0.9797687861271677,0.9797687861271677,0.7577639751552795,0.6511627906976745,0.6511627906976745
1731620,0.9807427785419531,0.9622132253711201,0.9622132253711201,0.9808219178082191,0.9623655913978495,0.9623655913978495
1733601,0.9906542056074766,0.9875776397515528,0.9875776397515528,0.9876543209876543,0.975609756097561,0.975609756097561
1740698,0.9827956989247313,0.9702127659574468,0.9702127659574468,0.6609442060085837,0.0,0.9745222929936306
1745954,0.9475177304964539,0.8421052631578947,0.8421052631578947,0.943502824858757,0.8440860215053764,0.8440860215053764
175241,0.9925484351713861,0.9880952380952381,0.9880952380952381,0.9880952380952381,0.9880952380952381,0.9880952380952381
1753970,0.9810526315789473,0.9625,0.9625,0.9789029535864978,0.9583333333333334,0.9583333333333334
1759764,0.9944994499449945,0.9890590809628009,0.9890590809628009,0.9912280701754386,0.9826086956521739,0.9826086956521739
1761637,0.43010752688172044,0.0,0.48336594911937375,0.37533512064343166,0.0,0.703125
176832,0.9956784788245463,0.9913941480206541,0.9913941480206541,0.993103448275862,0.9863013698630136,0.9863013698630136
177981,0.8228105906313646,0.8104838709677419,0.8104838709677419,0.8064516129032259,0.9365079365079365,0.9365079365079365
1789653,1.0,1.0,1.0,1.0,1.0,1.0
1790912,0.6324435318275154,0.0,0.6707317073170732,0.6504065040650406,0.0,0.6904761904761905
1793500,0.96996996996997,0.9525222551928784,0.9525222551928784,0.9761904761904762,0.9529411764705882,0.9529411764705882
1795909,0.9639175257731958,0.9296482412060302,0.9296482412060302,0.9489795918367347,0.900990099009901,0.900990099009901
1798615,0.9940476190476192,0.9881656804733728,0.9881656804733728,0.9960474308300395,0.9921259842519685,0.9921259842519685
1806511,0.95836376917458,0.9533527696793003,0.9533527696793003,0.9387755102040817,0.9534883720930233,0.9534883720930233
1807138,0.9903907751441384,0.9884763124199744,0.9884763124199744,0.9872122762148339,0.9897959183673469,0.9897959183673469
1808183,0.9813664596273293,0.9632867132867133,0.9632867132867133,0.9752650176678445,0.9513888888888888,0.9513888888888888
181310,0.9623545516769335,0.9422818791946309,0.9422818791946309,0.918032786885246,0.9144385026737968,0.9144385026737968
1819607,0.9906250000000001,0.984472049689441,0.984472049689441,0.8421052631578948,0.7,0.7
182958,0.9748603351955306,0.9508196721311475,0.9508196721311475,0.9776536312849162,0.9508196721311475,0.9508196721311475
18475,0.9976525821596244,0.9929742388758782,0.9929742388758782,0.4672897196261683,0.4672897196261682,0.514018691588785
1849738,0.9734265734265733,0.9544827586206897,0.9544827586206897,0.9693593314763231,0.9398907103825137,0.9398907103825137
1857624,0.9660056657223796,0.9745042492917847,0.9745042492917847,0.6815642458100559,0.7,0.7
1867650,0.9881847475832438,0.976545842217484,0.976545842217484,0.982905982905983,0.9661016949152542,0.9661016949152542
1889624,0.9171270718232045,0.8631578947368421,0.8631578947368421,0.8085106382978724,0.72,0.72
1900133,0.9809688581314879,0.9657534246575342,0.9657534246575342,0.9724137931034483,0.9523809523809523,0.9523809523809523
1904295,0.9793814432989691,0.9659863945578231,0.9659863945578231,0.9657534246575342,0.9459459459459459,0.9459459459459459
1907725,0.5050505050505051,0.0,0.7352941176470589,0.43200000000000005,0.0,0.7674418604651163
1909824,0.9837320574162679,0.9678638941398866,0.9678638941398866,0.9770992366412213,0.9548872180451128,0.9548872180451128
1918985,0.9554054054054053,0.9489932885906041,0.9489932885906041,0.954177897574124,0.983957219251337,0.983957219251337
1926727,0.9787234042553191,0.9583333333333334,0.9583333333333334,0.8247422680412372,0.7254901960784313,0.7254901960784313
1928731,0.9900990099009901,0.9868421052631579,0.9868421052631579,0.6493506493506495,0.6153846153846154,0.6153846153846154
193373,0.8594285714285714,0.6166328600405679,0.6166328600405679,0.8636363636363636,0.6209677419354839,0.6209677419354839
1936956,0.977886977886978,0.9627831715210357,0.9627831715210357,0.912621359223301,0.879746835443038,0.879746835443038
193980,0.656934306569343,0.6496350364963503,0.6496350364963503,0.6762589928057554,0.9857142857142858,0.9857142857142858
194394,0.9932432432432432,0.9898648648648649,0.9898648648648649,0.8590604026845637,0.84,0.84
195582,0.9903713892709767,0.9809264305177112,0.9809264305177112,0.9081081081081082,0.8526315789473684,0.8526315789473684
1956534,0.9870129870129869,0.9725274725274725,0.9725274725274725,0.7749077490774907,0.7463768115942029,0.7463768115942029
19577,0.9370988446726572,0.9363867684478372,0.9363867684478372,0.9348659003831418,0.9166666666666666,0.9166666666666666
19624,0.9450549450549451,0.9378151260504202,0.9378151260504202,0.8783783783783783,0.8926174496644296,0.8926174496644296
1996305,0.8122332859174964,0.4367396593673966,0.4367396593673966,0.8011363636363636,0.4320388349514563,0.4320388349514563
1996833,0.9364440868865648,0.8683385579937304,0.8683385579937304,0.8102893890675242,0.7375,0.7375
1997470,0.9871794871794872,0.9824,0.9824,0.8370607028753994,0.8343949044585988,0.8343949044585988
20013,0.9958847736625513,0.9918032786885246,0.9918032786885246,0.9958847736625513,0.9918032786885246,0.9918032786885246
2004303,0.8162393162393162,0.43727161997563946,0.43727161997563946,0.8011363636363636,0.4320388349514563,0.4320388349514563
20122,0.9177718832891247,0.8977072310405644,0.8977072310405644,0.007067137809187279,0.0,0.9014084507042254
201502,0.9548872180451128,0.9124087591240876,0.9124087591240876,0.9705882352941176,0.9142857142857143,0.9142857142857143
2025917,0.9763313609467456,0.9535783365570599,0.9535783365570599,0.9725490196078431,0.9538461538461539,0.9538461538461539
202677,0.9888793840889649,0.9813242784380306,0.9813242784380306,0.9559322033898304,0.9266666666666666,0.9266666666666666
204159,0.8544680851063828,0.5119402985074627,0.5119402985074627,0.8513513513513514,0.5088757396449705,0.5088757396449705
204319,0.9668325041459369,0.9459016393442623,0.9459016393442623,0.8184818481848185,0.7922077922077922,0.7922077922077922
2063704,0.8110749185667753,0.39058171745152354,0.42292490118577075,0.8181818181818181,0.3956043956043956,0.42857142857142855
206939,0.5932504440497336,0.0,0.8713910761154856,0.5886524822695036,0.0,0.9166666666666666
208426,0.9454545454545454,0.9369369369369369,0.9369369369369369,0.9454545454545454,0.9700598802395209,0.9700598802395209
209170,0.98761835396941,0.9754689754689755,0.9754689754689755,0.9825581395348837,0.9655172413793104,0.9655172413793104
218098,0.9662921348314606,0.9553903345724907,0.9553903345724907,0.9481481481481482,0.9411764705882353,0.9411764705882353
21836,0.9708431836091411,0.9431643625192012,0.9431643625192012,0.9655172413793103,0.9329268292682927,0.9329268292682927
21954,0.9891650732950924,0.9822784810126582,0.9822784810126582,0.989795918367347,0.9797979797979798,0.9797979797979798
219728,0.7094972067039107,0.6961325966850829,0.6961325966850829,0.7111111111111111,0.9635036496350365,0.9635036496350365
220496,0.9864253393665159,0.9789156626506024,0.9789156626506024,0.0,0.0,0.012048192771084338
221954,0.9465811965811967,0.9130434782608695,0.9130434782608695,0.7999999999999999,0.768595041322314,0.768595041322314
222119,0.9617224880382775,0.9575471698113207,0.9575471698113207,0.9714285714285713,0.9811320754716981,0.9811320754716981
224203,0.7942386831275721,0.5893536121673004,0.5893536121673004,0.656,0.5,0.5
225905,0.995575221238938,0.9911504424778761,0.9911504424778761,1.0,1.0,1.0
226582,0.7942386831275721,0.5893536121673004,0.5893536121673004,0.656,0.5,0.5
22699,0.8307692307692308,0.8158567774936062,0.8158567774936062,0.5492227979274611,0.6907216494845361,0.6907216494845361
228109,0.6744186046511628,0.09393939393939393,0.7634408602150538,0.6821705426356589,0.12048192771084337,0.7608695652173914
228678,0.9578414839797639,0.9183006535947712,0.9183006535947712,0.9600000000000001,0.9102564102564102,0.9102564102564102
230094,0.8379446640316206,0.47586206896551725,0.47586206896551725,0.8272251308900525,0.46788990825688076,0.46788990825688076
232301,0.6273291925465838,0.0,0.9395348837209302,0.6341463414634146,0.018518518518518517,0.9636363636363636
23251,0.9869646182495345,0.9705882352941176,0.9705882352941176,0.8955223880597014,0.8676470588235294,0.8676470588235294
232935,0.9894736842105264,0.9791666666666666,0.9791666666666666,0.9915966386554621,0.9833333333333333,0.9833333333333333
23312,0.7607843137254902,0.6049382716049383,0.6049382716049383,0.7461139896373058,0.5922330097087378,0.5922330097087378
240329,0.9121813031161472,0.8983050847457628,0.8983050847457628,0.8651685393258427,0.8666666666666667,0.8666666666666667
241526,0.8103975535168196,0.6157142857142858,0.6157142857142858,0.819571865443425,0.7142857142857143,0.7142857142857143
24203,0.9802371541501976,0.9609375,0.9609375,0.96875,0.9090909090909091,0.9090909090909091
248087,0.9369747899159664,0.8512064343163539,0.8512064343163539,0.9217877094972067,0.8502673796791443,0.8502673796791443
24886,0.9916123019571295,0.9851851851851852,0.9851851851851852,0.6814814814814815,0.6691176470588235,0.6691176470588235
25369,0.9978708303761533,0.9957507082152974,0.9957507082152974,0.7222222222222222,0.4943181818181818,0.4943181818181818
253823,0.9719326383319967,0.9556259904912837,0.9556259904912837,0.9712460063897763,0.9622641509433962,0.9622641509433962
2569,0.9961089494163424,0.9922480620155039,0.9922480620155039,0.9846153846153847,0.9696969696969697,0.9696969696969697
25828,0.8686327077747988,0.7429305912596401,0.7429305912596401,0.8723404255319148,0.7448979591836735,0.7448979591836735
26011,0.987783595113438,0.9826388888888888,0.9826388888888888,0.9895470383275262,0.9861111111111112,0.9861111111111112
26334,0.9617224880382775,0.9262672811059908,0.9262672811059908,0.5660377358490566,0.5454545454545454,0.5454545454545454
26452,0.9940828402366864,0.9905660377358491,0.9905660377358491,0.9245283018867924,0.9065420560747663,0.9065420560747663
26544,0.9546436285097192,0.9444444444444444,0.9444444444444444,0.9655172413793103,0.9661016949152542,0.9661016949152542
26716,0.9824561403508771,0.9751243781094527,0.9751243781094527,0.98,0.9607843137254902,0.9607843137254902
267767,0.6362854686156492,0.011703511053315995,0.916243654822335,0.6301369863013698,0.0051813471502590676,0.9191919191919192
275283,0.7678369195922989,0.5693877551020409,0.5693877551020409,0.6371681415929205,0.46875,0.46875
276201,0.9434782608695651,0.9227467811158798,0.9227467811158798,0.9137931034482759,0.9491525423728814,0.9491525423728814
284403,0.9241146711635749,0.7741935483870968,0.7741935483870968,0.9127516778523489,0.7692307692307693,0.7692307692307693
28609,0.8723404255319149,0.8283898305084746,0.8283898305084746,0.8376068376068375,0.8135593220338984,0.8135593220338984
287873,0.9465465465465466,0.9169632265717675,0.9169632265717675,0.6794258373205743,0.6792452830188679,0.6792452830188679
29044,0.9117013639626704,0.8851540616246498,0.8851540616246498,0.9085714285714285,0.888268156424581,0.888268156424581
29100,0.9373549883990718,0.7816593886462883,0.7816593886462883,0.5945945945945946,0.4,0.4
297204,0.9789674952198852,0.951310861423221,0.951310861423221,0.9624060150375939,0.8985507246376812,0.8985507246376812
297409,0.6119162640901772,0.45495495495495497,0.45495495495495497,0.6109324758842444,0.718562874251497,0.718562874251497
297558,0.7043010752688174,0.633495145631068,0.633495145631068,0.6951871657754012,0.6213592233009708,0.6213592233009708
29859,0.9486238532110092,0.927797833935018,0.927797833935018,0.0,0.02158273381294964,0.02158273381294964
300312,0.8932038834951456,0.8659003831417624,0.8659003831417624,0.6666666666666666,0.6363636363636364,0.6363636363636364
30069,0.5589430894308943,0.0,0.8233532934131736,0.532258064516129,0.0,0.8452380952380952
300750,0.9649446494464944,0.944043321299639,0.944043321299639,0.9632352941176471,0.9424460431654677,0.9424460431654677
302913,0.9653767820773931,0.9552845528455285,0.9552845528455285,0.959349593495935,0.9354838709677419,0.9354838709677419
303762,0.9836734693877551,0.967741935483871,0.967741935483871,0.9838709677419354,0.9523809523809523,0.9523809523809523
303867,0.981863664790494,0.9713574097135741,0.9713574097135741,0.985,0.9900497512437811,0.9900497512437811
307221,0.6629001883239172,0.0,0.9887640449438202,0.07518796992481203,0.0,0.9777777777777777
310717,0.943744752308984,0.9304635761589404,0.9304635761589404,0.9463087248322147,0.9735099337748344,0.9735099337748344
3108,0.9916201117318435,0.9667590027700831,0.9667590027700831,0.8961748633879781,0.8191489361702128,0.8191489361702128
31408,0.9802867383512545,0.9646643109540636,0.9646643109540636,0.6761565836298933,0.6713286713286714,0.6713286713286714
31469,0.9951456310679612,0.9887278582930756,0.9887278582930756,0.9935483870967742,0.9807692307692307,0.9807692307692307
319791,0.5723472668810289,0.0,0.7002341920374707,0.41401273885350315,0.0,0.5740740740740741
319999,0.7764423076923077,0.32677165354330706,0.482225656877898,0.7692307692307692,0.3228346456692913,0.4906832298136646
320194,0.6735294117647059,0.16273584905660377,0.62890625,0.6823529411764705,0.2169811320754717,0.390625
321425,0.8559231590181431,0.5275958840037418,0.5275958840037418,0.8510638297872342,0.5298507462686567,0.5298507462686567
32189,0.976,0.9603174603174603,0.9603174603174603,0.5079365079365079,0.5,0.5
32421,0.9891067538126361,0.9741379310344828,0.9741379310344828,0.9827586206896551,0.9491525423728814,0.9491525423728814
32430,0.989501312335958,0.9792207792207792,0.9792207792207792,0.9895287958115184,0.9792746113989638,0.9792746113989638
324828,0.9556313993174063,0.9238410596026491,0.9238410596026491,0.9659863945578232,0.9342105263157895,0.9342105263157895
324990,0.9869646182495344,0.977859778597786,0.977859778597786,0.9888475836431226,0.9779411764705882,0.9779411764705882
326748,0.9061728395061728,0.8948655256723717,0.8948655256723717,0.9019607843137256,0.9514563106796117,0.9514563106796117
327696,0.9803921568627451,0.9615384615384616,0.9615384615384616,0.9803921568627451,0.9615384615384616,0.9615384615384616
333543,0.9352051835853132,0.924892703862661,0.924892703862661,0.939655172413793,0.9829059829059829,0.9829059829059829
342218,0.9966329966329966,0.9899328859060402,0.9899328859060402,0.9932885906040269,0.9866666666666667,0.9866666666666667
342360,0.9624060150375939,0.948051948051948,0.948051948051948,0.9588014981273408,0.9555555555555556,0.9555555555555556
34484,0.21297429620563035,0.21026894865525672,0.7794117647058824,0.15609756097560976,0.9223300970873787,0.9223300970873787
346301,0.8612099644128113,0.575,0.575,0.8652482269503545,0.575,0.575
34728,0.9861303744798889,0.9765840220385675,0.9765840220385675,0.9861495844875345,0.978021978021978,0.978021978021978
351828,0.8983308042488618,0.8648648648648649,0.8648648648648649,0.8795180722891567,0.9166666666666666,0.9166666666666666
356357,0.9810017271157169,0.9593220338983051,0.9593220338983051,0.951048951048951,0.9166666666666666,0.9166666666666666
356752,0.657314629258517,0.0513595166163142,0.8809523809523809,0.6719999999999999,0.060240963855421686,0.8809523809523809
358730,0.8333333333333334,0.8472222222222222,0.8472222222222222,0.8333333333333334,1.0,1.0
360325,0.0,0.0,0.9431818181818182,0.0,0.9325842696629213,0.9325842696629213
360744,0.9810017271157169,0.9593220338983051,0.9593220338983051,0.951048951048951,0.9166666666666666,0.9166666666666666
364578,0.9414381022979985,0.9318518518518518,0.9318518518518518,0.9166666666666667,0.9467455621301775,0.9467455621301775
364938,0.996282527881041,0.9925925925925926,0.9925925925925926,0.9117647058823528,0.9117647058823529,0.9117647058823529
365826,0.9609374999999999,0.9277566539923955,0.9277566539923955,0.9076923076923077,0.8805970149253731,0.8805970149253731
366440,0.9713758079409048,0.9509981851179673,0.9509981851179673,0.9705882352941175,0.9424460431654677,0.9424460431654677
368985,0.9836734693877551,0.967741935483871,0.967741935483871,0.9838709677419354,0.9523809523809523,0.9523809523809523
37054,0.6613861386138613,0.0,0.7094861660079052,0.46819338422391854,0.0,0.44776119402985076
371419,0.7814814814814816,0.2917933130699088,0.3175355450236967,0.7794117647058824,0.2891566265060241,0.32075471698113206
37391,0.9880478087649402,0.9814323607427056,0.9814323607427056,0.6526315789473683,0.625,0.625
37461,0.9780405405405407,0.9730185497470489,0.9730185497470489,0.9731543624161074,0.9533333333333334,0.9533333333333334
374683,0.9649122807017544,0.9322033898305084,0.9322033898305084,0.9565217391304348,0.9166666666666666,0.9166666666666666
374827,0.634315424610052,0.0,0.8535353535353535,0.5931034482758621,0.0,0.84
37753,0.9908629441624366,0.9798792756539235,0.9798792756539235,0.9878542510121457,0.968,0.968
377622,0.9500000000000001,0.904,0.904,0.9508196721311475,0.90625,0.90625
37932,0.96,0.9181494661921709,0.9181494661921709,0.9420289855072463,0.9014084507042254,0.9014084507042254
384588,0.9810017271157169,0.9593220338983051,0.9593220338983051,0.9103448275862069,0.8783783783783784,0.8783783783783784
384688,0.5319767441860466,0.5185714285714286,0.5185714285714286,0.5101449275362319,0.9318181818181818,0.9318181818181818
388403,0.9271523178807947,0.8956521739130435,0.8956521739130435,0.9473684210526316,0.9152542372881356,0.9152542372881356
38872,0.9148580968280468,0.7725856697819314,0.7725856697819314,0.09333333333333332,0.0,0.775
389192,0.9525801952580195,0.9366391184573003,0.9366391184573003,0.9470752089136492,0.9615384615384616,0.9615384615384616
390388,0.9675392670157067,0.9420289855072463,0.9420289855072463,0.8083333333333333,0.7786885245901639,0.7786885245901639
39153,0.6197440585009142,0.0,0.6530054644808743,0.1758241758241758,0.0,1.0
393986,0.6517457475380484,0.0,0.9655172413793104,0.6402877697841727,0.0,0.946236559139785
3946,0.8345626975763962,0.7909836065573771,0.7909836065573771,0.7731092436974789,0.7540983606557377,0.7540983606557377
395359,0.881155613919895,0.8425096030729834,0.8425096030729834,0.8311688311688312,0.8693467336683417,0.8693467336683417
396745,0.9872340425531915,0.9747191011235955,0.9747191011235955,0.9774011299435028,0.9608938547486033,0.9608938547486033
40218,0.9904030710172744,0.9809885931558935,0.9809885931558935,0.8091603053435115,0.7761194029850746,0.7761194029850746
40327,0.9894736842105264,0.986013986013986,0.986013986013986,0.547945205479452,0.5405405405405406,0.5405405405405406
404658,0.918580375782881,0.9049586776859504,0.9049586776859504,0.85,0.819672131147541,0.819672131147541
406578,0.9685230024213075,0.9473684210526315,0.9473684210526315,0.9523809523809523,0.8888888888888888,0.8888888888888888
41164,0.9948717948717948,0.9846938775510204,0.9846938775510204,0.98989898989899,0.96,0.96
41545,0.9328621908127208,0.9236111111111112,0.9236111111111112,0.9577464788732395,0.9166666666666666,0.9166666666666666
416444,0.9935483870967742,0.9717948717948718,0.9717948717948718,0.0,0.0,0.9693877551020408
419409,0.9608938547486033,0.8659420289855072,0.8659420289855072,0.962962962962963,0.8695652173913043,0.8695652173913043
423527,0.7359375,0.7164634146341463,0.7164634146341463,0.7375,0.9512195121951219,0.9512195121951219
42532,0.9211295034079844,0.8952380952380953,0.8952380952380953,0.8837209302325582,0.8712121212121212,0.8712121212121212
427508,0.9287833827893175,0.9104258443465492,0.9104258443465492,0.9112426035502958,0.9415204678362573,0.9415204678362573
427688,0.957387935805202,0.8725910064239829,0.8725910064239829,0.9559471365638766,0.8680851063829788,0.8680851063829788
429316,0.98676293622142,0.9713603818615751,0.9713603818615751,0.832535885167464,0.8018867924528302,0.8018867924528302
430926,0.9794871794871794,0.9593908629441624,0.9593908629441624,0.888888888888889,0.88,0.88
431708,0.9741248097412482,0.9465875370919882,0.9465875370919882,0.9696969696969697,0.9294117647058824,0.9294117647058824
43248,0.9441624365482234,0.8976897689768977,0.8976897689768977,0.8802816901408451,0.8333333333333334,0.8333333333333334
43321,0.9458333333333333,0.8600823045267489,0.8600823045267489,0.9421487603305784,0.8852459016393442,0.8852459016393442
434845,0.9712092130518234,0.9580152671755725,0.9580152671755725,0.9846153846153847,0.9696969696969697,0.9696969696969697
43524,0.02379182156133829,0.0,0.950965824665676,0.02373887240356083,0.9467455621301775,0.9467455621301775
438531,0.8459657701711492,0.8309178743961353,0.8309178743961353,0.5849056603773586,0.44642857142857145,0.44642857142857145
4404,0.9592088998763907,0.9509803921568627,0.9509803921568627,0.9556650246305418,0.9607843137254902,0.9607843137254902
442276,0.8565965583173997,0.844106463878327,0.844106463878327,0.5882352941176471,0.5915492957746479,0.5915492957746479
443879,0.9943661971830987,0.9915730337078652,0.9915730337078652,1.0,1.0,1.0
446418,0.9789674952198852,0.951310861423221,0.951310861423221,0.9624060150375939,0.8985507246376812,0.8985507246376812
451316,0.6470588235294118,0.0,0.9565217391304348,0.6493506493506493,0.0,0.9615384615384616
452310,0.993103448275862,0.9828767123287672,0.9828767123287672,0.9863013698630138,0.9594594594594594,0.9594594594594594
45316,0.974537037037037,0.9267734553775744,0.9267734553775744,0.9724770642201834,0.9272727272727272,0.9272727272727272
454827,0.6647230320699709,0.0,0.9956331877729258,0.6666666666666667,0.017543859649122806,0.9491525423728814
454835,0.983739837398374,0.9704697986577181,0.9704697986577181,0.9675675675675676,0.9518716577540107,0.9518716577540107
45672,0.9624145785876994,0.9489216799091941,0.9489216799091941,0.6167800453514739,0.6081081081081081,0.6081081081081081
457621,0.9559877175025588,0.9148514851485149,0.9148514851485149,0.9311740890688259,0.889763779527559,0.889763779527559
46266,0.9735234215885947,0.9464285714285714,0.9464285714285714,0.97165991902834,0.937007874015748,0.937007874015748
462896,0.9891225525743292,0.9770444763271162,0.9770444763271162,0.9884393063583815,0.9714285714285714,0.9714285714285714
464644,0.9251101321585903,0.8917748917748918,0.8917748917748918,0.9473684210526316,0.9152542372881356,0.9152542372881356
465300,0.978021978021978,0.9514824797843666,0.9514824797843666,0.967391304347826,0.9157894736842105,0.9157894736842105
466737,0.9724517906336088,0.9510869565217391,0.9510869565217391,0.9617486338797814,0.946236559139785,0.946236559139785
47078,0.9752547307132461,0.9098837209302325,0.9098837209302325,0.7283236994219654,0.735632183908046,0.735632183908046
47388,0.9882854100106496,0.9745762711864406,0.9745762711864406,0.9789029535864978,0.9583333333333334,0.9583333333333334
475074,0.7056530214424951,0.10574018126888217,0.7912087912087912,0.5538461538461539,0.0,0.8043478260869565
47539,0.9729323308270676,0.9670658682634731,0.9670658682634731,0.9520958083832335,0.9464285714285714,0.9464285714285714
478405,0.6487935656836461,0.0,0.5577689243027888,0.2680965147453083,0.0,0.9603174603174603
480298,0.4148148148148148,0.0821917808219178,0.1940928270042194,0.48039215686274506,0.0625,0.4027777777777778
48135,0.5070993914807302,0.468503937007874,0.468503937007874,0.3387096774193548,0.390625,0.4603174603174603
481696,0.9795918367346939,0.96,0.96,0.975,0.9512195121951219,0.9512195121951219
48408,0.9290617848970252,0.8888888888888888,0.8888888888888888,0.9009009009009009,0.8947368421052632,0.8947368421052632
48467,0.9713024282560706,0.9517543859649122,0.9517543859649122,0.9565217391304347,0.9482758620689655,0.9482758620689655
488238,0.9827586206896552,0.9688385269121813,0.9688385269121813,0.9371428571428573,0.9213483146067416,0.9213483146067416
49140,0.9400386847195358,0.8876404494382022,0.8876404494382022,0.8615384615384615,0.8059701492537313,0.8059701492537313
49399,0.8978540772532189,0.695447409733124,0.695447409733124,0.8561643835616438,0.65625,0.65625
49459,0.9718875502008032,0.9652406417112299,0.9652406417112299,0.9680851063829787,0.9680851063829787,0.9680851063829787
504958,1.0,1.0,1.0,1.0,1.0,1.0
50763,0.8322717622080679,0.6706349206349206,0.6706349206349206,0.6880000000000002,0.5714285714285714,0.5714285714285714
507802,0.9815950920245399,0.9558232931726908,0.9558232931726908,0.975609756097561,0.9365079365079365,0.9365079365079365
51230,0.7564575645756458,0.7381818181818182,0.7381818181818182,0.7647058823529411,0.9710144927536232,0.9710144927536232
514196,0.9663865546218486,0.8739837398373984,0.8739837398373984,0.9623430962343097,0.8548387096774194,0.8548387096774194
515069,0.9209302325581394,0.8939393939393939,0.8939393939393939,0.9259259259259259,0.891566265060241,0.891566265060241
527051,0.995850622406639,0.9834710743801653,0.9834710743801653,0.9836065573770492,0.9354838709677419,0.9354838709677419
527621,0.7804878048780487,0.2953846153846154,0.5384615384615384,0.7761194029850745,0.2926829268292683,0.5384615384615384
529551,0.9855072463768116,0.974910394265233,0.974910394265233,0.8776978417266188,0.8571428571428571,0.8571428571428571
531426,0.9686098654708519,0.96,0.96,0.9734513274336283,0.9824561403508771,0.9824561403508771
53233,0.8559201141226819,0.6204188481675392,0.6204188481675392,0.840909090909091,0.625,0.625
540674,0.9854838709677419,0.9760383386581469,0.9760383386581469,0.9423076923076923,0.9119496855345912,0.9119496855345912
545677,0.9794520547945206,0.9614512471655329,0.9614512471655329,0.9636363636363636,0.963963963963964,0.963963963963964
546102,0.9814323607427056,0.9710526315789474,0.9710526315789474,0.9788359788359788,0.9738219895287958,0.9738219895287958
546820,0.8404669260700388,0.5361111111111111,0.5361111111111111,0.8297213622291022,0.5414364640883977,0.5414364640883977
550414,0.648766328011611,0.0,0.5862068965517241,0.6242774566473989,0.0,0.9230769230769231
550808,0.782608695652174,0.7083333333333334,0.7083333333333334,0.7435897435897437,0.7051282051282052,0.7051282051282052
55235,0.961593172119488,0.925207756232687,0.925207756232687,0.3522727272727273,0.34065934065934067,0.5777777777777777
555454,0.6796992481203007,0.03758542141230068,0.9269911504424779,0.6786786786786787,0.04090909090909091,0.9203539823008849
557039,0.648721399730821,0.0,0.6024096385542169,0.6310160427807486,0.0,0.5873015873015873
55775,0.4895833333333333,0.0,0.654320987654321,0.38174273858921165,0.0,0.9753086419753086
55836,0.9521988527724666,0.9120879120879121,0.9120879120879121,0.9545454545454545,0.9130434782608695,0.9130434782608695
55925,0.9591836734693878,0.9176706827309237,0.9176706827309237,0.9224489795918367,0.88,0.88
559651,0.9333333333333333,0.9313304721030042,0.9313304721030042,0.9310344827586207,1.0,1.0
559928,0.9527559055118111,0.9378238341968912,0.9378238341968912,0.9528795811518325,0.9587628865979382,0.9587628865979382
564329,0.9449035812672176,0.9214092140921409,0.9214092140921409,0.9289617486338798,0.9032258064516129,0.9032258064516129
565175,0.9484536082474226,0.9242424242424242,0.9242424242424242,0.9690721649484536,0.92,0.92
567148,0.9227642276422765,0.7234848484848485,0.7234848484848485,0.9268292682926829,0.7121212121212122,0.7121212121212122
574129,0.5692307692307692,0.0,0.8363636363636363,0.5679012345679012,0.0,0.9454545454545454
574536,0.9800738007380073,0.9651162790697675,0.9651162790697675,0.9793510324483776,0.9651162790697675,0.9651162790697675
576030,0.6576576576576576,0.08976660682226212,0.3776435045317221,0.14285714285714285,0.0,0.37349397590361444
580549,0.983050847457627,0.9707112970711297,0.9707112970711297,0.9833333333333333,0.9672131147540983,0.9672131147540983
583370,0.659942363112392,0.0,0.8582995951417004,0.6609195402298851,0.004464285714285714,0.8548387096774194
587728,0.9886792452830188,0.9774436090225563,0.9774436090225563,0.9924812030075187,0.9850746268656716,0.9850746268656716
588211,0.9955713020372011,0.9911816578483245,0.9911816578483245,0.96113074204947,0.9440559440559441,0.9440559440559441
59286,0.6304493628437291,0.0,0.8935361216730038,0.6310160427807486,0.0,0.8939393939393939
59521,0.62436177972283,0.0,0.6351931330472103,0.6028985507246376,0.0,0.6271186440677966
596106,0.9646209386281589,0.9329608938547486,0.9329608938547486,0.3529411764705882,0.11320754716981132,0.11320754716981132
596833,0.8732394366197183,0.8373702422145328,0.8373702422145328,0.8872727272727272,0.9142857142857143,0.9142857142857143
597111,0.8839285714285714,0.8181818181818182,0.8181818181818182,0.8875739644970415,0.8241758241758241,0.8241758241758241
598357,0.9720279720279721,0.9553264604810997,0.9553264604810997,0.9790209790209791,0.958904109589041,0.958904109589041
602444,1.0,1.0,1.0,1.0,1.0,1.0
607680,0.9936305732484076,0.9936305732484076,0.9936305732484076,0.9873417721518987,0.975,0.975
609189,0.636294608959757,0.0,0.6113636363636363,0.2188449848024316,0.0,0.5
611367,0.980203317281969,0.968186638388123,0.968186638388123,0.9678800856531048,0.9576271186440678,0.9576271186440678
613158,0.9494382022471911,0.8739837398373984,0.8739837398373984,0.924791086350975,0.8404255319148937,0.8404255319148937
61401,0.9869646182495345,0.9742647058823529,0.9742647058823529,0.9925925925925926,0.9852941176470589,0.9852941176470589
614419,0.9554140127388535,0.9493670886075949,0.9493670886075949,0.957983193277311,0.9833333333333333,0.9833333333333333
616044,0.9783616692426584,0.9588414634146342,0.9588414634146342,0.9784615384615384,0.9575757575757575,0.9575757575757575
624763,0.8545780969479354,0.8257839721254355,0.8257839721254355,0.7943262411347518,0.8082191780821918,0.8082191780821918
625986,0.6933333333333332,0.08439897698209718,0.8325358851674641,0.6887417218543047,0.07614213197969544,0.8380952380952381
629830,0.8224637681159419,0.795774647887324,0.795774647887324,0.7625899280575541,0.8333333333333334,0.8333333333333334
632130,0.5386313465783665,0.0,0.7973856209150327,0.543859649122807,0.0,0.9487179487179487
637706,0.9469250210614997,0.9210526315789473,0.9210526315789473,0.9463087248322147,0.9150326797385621,0.9150326797385621
638390,0.6112115732368896,0.0,0.38219895287958117,0.765625,0.5633802816901409,0.5633802816901409
638666,0.7025380710659899,0.12,0.7527777777777778,0.6963562753036437,0.11464968152866242,0.7555555555555555
644332,0.9692585895117541,0.9368421052631579,0.9368421052631579,0.9640287769784173,0.9166666666666666,0.9166666666666666
649647,0.8716577540106951,0.6086956521739131,0.6086956521739131,0.8421052631578947,0.5660377358490566,0.5660377358490566
650607,0.9348093480934808,0.7759815242494227,0.7759815242494227,0.9313725490196079,0.7706422018348624,0.7706422018348624
65114,0.9917355371900826,0.9794238683127572,0.9794238683127572,0.9032258064516129,0.828125,0.828125
652668,0.9720071471113758,0.9702734839476813,0.9702734839476813,0.5023696682464455,0.5213270142180095,0.5213270142180095
653534,0.9971346704871061,0.9942857142857143,0.9942857142857143,1.0,1.0,1.0
655406,0.9988439306358381,0.9976905311778291,0.9976905311778291,0.9953917050691244,0.9908256880733946,0.9908256880733946
656764,0.9616087751371115,0.9347826086956522,0.9347826086956522,0.9420289855072463,0.9420289855072463,0.9420289855072463
657341,0.44724770642201833,0.40919037199124725,0.41228070175438597,0.4383561643835617,0.8347826086956521,0.8347826086956521
658008,0.7881773399014779,0.3008130081300813,0.5416666666666666,0.7843137254901961,0.2903225806451613,0.5666666666666667
659531,0.9776119402985075,0.9522058823529411,0.9522058823529411,0.962962962962963,0.927536231884058,0.927536231884058
65981,0.9798387096774194,0.9642857142857143,0.9642857142857143,0.9838709677419354,0.9682539682539683,0.9682539682539683
663385,0.988950276243094,0.9781420765027322,0.9781420765027322,0.6086956521739131,0.6086956521739131,0.6086956521739131
663704,0.924731182795699,0.9078014184397163,0.9078014184397163,0.9166666666666667,0.8918918918918919,0.8918918918918919
665179,0.9268985095812632,0.7856191744340879,0.7856191744340879,0.9121813031161473,0.7777777777777778,0.7777777777777778
665886,0.653846153846154,0.0,0.9669603524229075,0.6489675516224188,0.0,0.8245614035087719
671056,0.9874125874125873,0.9778393351800554,0.9778393351800554,0.8715083798882681,0.8461538461538461,0.8461538461538461
676064,0.7557755775577558,0.6179775280898876,0.6179775280898876,0.8311688311688311,0.7191011235955056,0.7191011235955056
676193,0.9549071618037135,0.9296875,0.9296875,0.9368421052631579,0.9175257731958762,0.9175257731958762
676677,0.9720044792833147,0.9266666666666666,0.9266666666666666,0.9688888888888889,0.9203539823008849,0.9203539823008849
676865,0.9874776386404294,0.9787234042553191,0.9787234042553191,0.9787234042553192,0.9859154929577465,0.9859154929577465
677398,0.9725829725829725,0.9597701149425287,0.9597701149425287,0.942528735632184,0.9204545454545454,0.9204545454545454
678534,0.7919463087248322,0.4550561797752809,0.4550561797752809,0.9285714285714285,0.8863636363636364,0.8863636363636364
681410,0.9835706462212486,0.9697624190064795,0.9697624190064795,0.9826086956521739,0.9658119658119658,0.9658119658119658
681714,0.9886621315192743,0.9775784753363229,0.9775784753363229,0.23214285714285712,0.22807017543859648,0.7321428571428571
68399,0.9902912621359222,0.9807692307692307,0.9807692307692307,0.9935483870967742,0.9871794871794872,0.9871794871794872
685008,0.9790660225442834,0.9589905362776026,0.9589905362776026,0.9743589743589743,0.95,0.95
68500,0.9664153529814942,0.9279038718291055,0.9279038718291055,0.9615384615384615,0.93048128342246,0.93048128342246
685725,0.277720207253886,0.2757201646090535,0.7030927835051546,0.271604938271605,0.3008130081300813,0.6557377049180327
686264,0.975257731958763,0.9631901840490797,0.9631901840490797,0.9672131147540983,0.967479674796748,0.967479674796748
686584,0.7117437722419929,0.5031055900621118,0.5031055900621118,0.625,0.525,0.525
69041,0.6409431939978564,0.0,0.9443561208267091,0.6329113924050632,0.0,0.930379746835443
690687,0.9714611872146118,0.9307604994324631,0.9307604994324631,0.9749430523917995,0.9321266968325792,0.9321266968325792
690977,0.7731958762886598,0.7658119658119659,0.7658119658119659,0.7713310580204779,0.9659863945578231,0.9659863945578231
691220,0.654911838790932,0.0,0.9737827715355806,0.18032786885245902,0.0,0.35384615384615387
691239,0.9502133712660029,0.8953168044077136,0.8953168044077136,0.9378531073446328,0.9130434782608695,0.9130434782608695
69158,0.9744680851063829,0.9662447257383966,0.9662447257383966,0.9747899159663865,0.9666666666666667,0.9666666666666667
69328,0.9878260869565216,0.9759450171821306,0.9759450171821306,0.9154929577464789,0.8873239436619719,0.8873239436619719
695009,0.9672131147540983,0.9512195121951219,0.9512195121951219,0.9836065573770492,0.967741935483871,0.967741935483871
700726,0.947481243301179,0.9166666666666666,0.9166666666666666,0.829059829059829,0.8,0.8
70115,0.9898697539797395,0.9841269841269841,0.9841269841269841,0.9364161849710984,0.9310344827586207,0.9310344827586207
708045,0.7055606198723792,0.16642958748221906,0.6776649746192893,0.450381679389313,0.0,0.5510204081632653
708568,0.6406926406926406,0.0,0.9483870967741935,0.6379310344827586,0.0,0.9230769230769231
710329,0.951638065522621,0.9409937888198758,0.9409937888198758,0.9440993788819876,0.9753086419753086,0.9753086419753086
711598,0.9724950884086444,0.9554263565891473,0.9554263565891473,0.953125,0.9307692307692308,0.9307692307692308
712111,0.9928825622775801,0.9823321554770318,0.9823321554770318,0.9859154929577464,0.9583333333333334,0.9583333333333334
713756,0.9833333333333333,0.967032967032967,0.967032967032967,0.8913043478260869,0.7916666666666666,0.7916666666666666
716249,0.9778393351800554,0.9591280653950953,0.9591280653950953,0.96398891966759,0.9402173913043478,0.9402173913043478
717276,0.7715231788079471,0.7582781456953642,0.7582781456953642,0.5263157894736842,0.631578947368421,0.631578947368421
719158,0.5425383542538355,0.0,0.8033126293995859,0.5515320334261838,0.0,0.5537190082644629
725103,0.9655172413793104,0.9333333333333333,0.9333333333333333,0.9767441860465117,0.9545454545454546,0.9545454545454546
731108,0.8766368022053757,0.7737127371273713,0.7737127371273713,0.757834757834758,0.6312849162011173,0.6312849162011173
732997,0.9449838187702265,0.9439655172413793,0.9439655172413793,0.9396551724137931,0.9741379310344828,0.9741379310344828
734135,0.986986986986987,0.9761431411530815,0.9761431411530815,0.6135458167330679,0.5984251968503937,0.5984251968503937
73717,0.9863636363636363,0.972972972972973,0.972972972972973,0.9357798165137615,0.9090909090909091,0.9090909090909091
737714,0.987967067764408,0.9784810126582278,0.9784810126582278,0.9873417721518988,0.9848484848484849,0.9848484848484849
738045,0.9094650205761318,0.8961303462321792,0.8961303462321792,0.9061224489795918,0.9516129032258065,0.9516129032258065
7381,0.9831195138419987,0.9771197846567967,0.9771197846567967,0.9865229110512129,0.9838709677419355,0.9838709677419355
739192,0.8979591836734694,0.875,0.875,0.888888888888889,0.9215686274509803,0.9215686274509803
73971,0.22403924775143091,0.19162640901771336,0.7161290322580646,0.14193548387096774,0.0,0.2054794520547945
740672,0.9850149850149851,0.9761431411530815,0.9761431411530815,0.9841269841269842,0.968503937007874,0.968503937007874
743684,0.9625668449197861,0.926829268292683,0.926829268292683,0.9577464788732394,0.9178082191780822,0.9178082191780822
745460,0.985198342214328,0.970828471411902,0.970828471411902,0.6886792452830189,0.6712962962962963,0.6712962962962963
749096,0.9928571428571429,0.9858156028368794,0.9858156028368794,0.6780626780626781,0.6666666666666666,0.6666666666666666
751755,0.7043189368770765,0.6775777414075287,0.6775777414075287,0.7019867549668874,0.9607843137254902,0.9607843137254902
754451,0.9020979020979021,0.7549148099606815,0.7549148099606815,0.9025069637883009,0.765625,0.765625
75509,0.9626865671641791,0.8659420289855072,0.8659420289855072,0.962962962962963,0.8695652173913043,0.8695652173913043
757681,0.9627906976744186,0.9561200923787528,0.9561200923787528,0.02857142857142857,0.018691588785046728,0.8317757009345794
759957,0.9546436285097192,0.9364406779661016,0.9364406779661016,0.9572649572649572,0.95,0.95
760473,0.6526315789473683,0.0,0.49869451697127937,0.6206896551724138,0.0,0.9081632653061225
762380,0.9978213507625272,0.9956521739130435,0.9956521739130435,0.9391304347826087,0.9137931034482759,0.9137931034482759
762407,1.0,1.0,1.0,0.9391304347826087,0.9137931034482759,0.9137931034482759
763619,0.9622411693057247,0.9248826291079812,0.9248826291079812,0.9565217391304348,0.9074074074074074,0.9074074074074074
765548,0.6684782608695652,0.5117370892018779,0.5117370892018779,0.6236559139784946,0.5185185185185185,0.5185185185185185
766410,0.9761904761904762,0.9644970414201184,0.9644970414201184,0.6823529411764705,0.6511627906976745,0.6511627906976745
766867,0.6406926406926406,0.0,0.9483870967741935,0.6379310344827586,0.0,0.9230769230769231
76830,0.7808676307007786,0.7777777777777778,0.7777777777777778,0.7753303964757708,0.9824561403508771,0.9824561403508771
768638,0.8677685950413223,0.6480769230769231,0.6480769230769231,0.8477366255144032,0.6793893129770993,0.6793893129770993
768982,0.9724238026124818,0.9598853868194842,0.9598853868194842,0.21794871794871795,0.0,0.0
770165,0.9698375870069607,0.9369369369369369,0.9369369369369369,0.9541284403669724,0.8947368421052632,0.8947368421052632
773973,0.9828571428571428,0.9662921348314607,0.9662921348314607,0.9770992366412213,0.9552238805970149,0.9552238805970149
780318,0.638481449525453,0.0,0.5218508997429306,0.26804123711340205,0.0,0.7551020408163265
781632,0.9754689754689754,0.9658119658119658,0.9658119658119658,0.9770114942528736,0.9772727272727273,0.9772727272727273
781710,0.9721115537848606,0.94921875,0.94921875,0.6491228070175438,0.5409836065573771,0.5409836065573771
782869,0.6560364464692483,0.0,0.9659863945578231,0.9696969696969697,0.98,0.98
78379,0.8731182795698925,0.5419847328244275,0.5419847328244275,0.8717948717948718,0.5606060606060606,0.5606060606060606
785858,0.9101796407185628,0.9040697674418605,0.9040697674418605,0.9285714285714286,0.9195402298850575,0.9195402298850575
788233,0.9826989619377162,0.9659863945578231,0.9659863945578231,0.9103448275862069,0.8783783783783784,0.8783783783783784
789885,0.9546436285097192,0.9111570247933884,0.9111570247933884,0.956896551724138,0.9173553719008265,0.9173553719008265
790060,0.9661016949152542,0.9093959731543624,0.9093959731543624,0.9659863945578231,0.9054054054054054,0.9054054054054054
790512,0.9242144177449169,0.8989169675090253,0.8989169675090253,0.7007299270072992,0.6714285714285714,0.6714285714285714
791667,0.956390977443609,0.9378698224852071,0.9378698224852071,0.6428571428571429,0.627906976744186,0.627906976744186
79363,0.9853372434017595,0.9739130434782609,0.9739130434782609,0.7134502923976608,0.6976744186046512,0.6976744186046512
797779,0.9337506520605111,0.8333333333333334,0.8333333333333334,0.9227557411273487,0.8433734939759037,0.8433734939759037
799156,0.650877192982456,0.0,0.5039164490861618,0.6275862068965516,0.0,0.9081632653061225
804193,0.6493699036323203,0.0,0.5673289183222958,0.650887573964497,0.0,0.9649122807017544
804631,0.9548872180451128,0.9124087591240876,0.9124087591240876,0.9705882352941176,0.9142857142857143,0.9142857142857143
805224,0.9273255813953488,0.9005681818181818,0.9005681818181818,0.9302325581395349,0.9545454545454546,0.9545454545454546
805562,0.9491525423728815,0.9333333333333333,0.9333333333333333,0.9423076923076923,0.9622641509433962,0.9622641509433962
807025,0.9660194174757281,0.8915094339622641,0.8915094339622641,0.9225806451612903,0.85,0.85
809023,0.6596858638743456,0.65625,0.65625,0.0,0.32,0.32
81107,0.9629629629629629,0.9392712550607287,0.9392712550607287,0.9593495934959351,0.9365079365079365,0.9365079365079365
811447,0.9597069597069599,0.920863309352518,0.920863309352518,0.9343065693430657,0.9142857142857143,0.9142857142857143
812160,0.9646856158484066,0.9441624365482234,0.9441624365482234,0.9072164948453608,0.8918918918918919,0.8918918918918919
81493,0.9842805320435308,0.9734939759036144,0.9734939759036144,0.5619047619047619,0.5327102803738317,0.5327102803738317
819349,0.9921708185053381,0.9844632768361582,0.9844632768361582,0.9943181818181819,0.9887005649717514,0.9887005649717514
822937,0.9928571428571429,0.9858156028368794,0.9858156028368794,0.6780626780626781,0.6666666666666666,0.6666666666666666
82326,0.9295774647887324,0.9295774647887324,0.9295774647887324,0.9345794392523364,0.9444444444444444,0.9444444444444444
824592,0.6645213193885761,0.0,0.9951807228915662,0.5530546623794212,0.0,0.8173076923076923
825409,0.9756944444444445,0.9525423728813559,0.9525423728813559,0.9103448275862068,0.88,0.88
82846,0.9794238683127573,0.9754098360655737,0.9754098360655737,0.8207171314741036,0.7364341085271318,0.7364341085271318
83112,0.9808541973490428,0.9516837481698389,0.9516837481698389,0.27225130890052357,0.0,0.014150943396226415
83764,0.9796954314720813,0.9695431472081218,0.9695431472081218,0.98,0.96,0.96
83795,0.9518413597733711,0.952112676056338,0.952112676056338,0.96045197740113,0.9550561797752809,0.9550561797752809
838536,0.9197707736389684,0.8861111111111111,0.8861111111111111,0.8275862068965517,0.8539325842696629,0.8539325842696629
841289,0.6224677716390423,0.0,0.5187165775401069,0.6231884057971014,0.0,0.5208333333333334
844319,0.8239700374531835,0.4577922077922078,0.4577922077922078,0.8382352941176471,0.4430379746835443,0.4430379746835443
846396,0.9919137466307278,0.983957219251337,0.983957219251337,0.0,0.0,0.0
849898,0.9733656174334142,0.9523809523809523,0.9523809523809523,0.9714285714285714,0.9259259259259259,0.9259259259259259
850597,0.9936908517350158,0.9811912225705329,0.9811912225705329,0.9844236760124611,0.9447852760736196,0.9447852760736196
85732,0.945529290853032,0.9163265306122449,0.9163265306122449,0.9344262295081968,0.9349593495934959,0.9349593495934959
866401,0.973561430793157,0.9598765432098766,0.9598765432098766,0.9440993788819876,0.9506172839506173,0.9506172839506173
867742,0.9465648854961831,0.8980582524271845,0.8980582524271845,0.8557213930348259,0.7663551401869159,0.7663551401869159
8677,0.9069373942470389,0.7238095238095238,0.7238095238095238,0.9023569023569024,0.7232704402515723,0.7232704402515723
86861,0.9227129337539433,0.8307926829268293,0.8307926829268293,0.9090909090909091,0.8554216867469879,0.8554216867469879
8698,0.8792270531400966,0.685981308411215,0.685981308411215,0.8725868725868726,0.6865671641791045,0.6865671641791045
872679,0.952755905511811,0.9097744360902256,0.9097744360902256,0.9538461538461539,0.9117647058823529,0.9117647058823529
873811,0.9276807980049876,0.8651162790697674,0.8651162790697674,0.9306930693069307,0.8703703703703703,0.8703703703703703
87500,0.9463806970509383,0.9216710182767625,0.9216710182767625,0.907103825136612,0.8541666666666666,0.8541666666666666
878167,0.9240963855421687,0.9090909090909091,0.9090909090909091,0.9230769230769231,0.9761904761904762,0.9761904761904762
88206,0.8616262482168332,0.6256544502617801,0.6256544502617801,0.8522727272727273,0.625,0.625
889058,0.9651741293532339,0.9326923076923077,0.9326923076923077,0.8609271523178808,0.8205128205128205,0.8205128205128205
890981,0.9567617295308188,0.8640429338103757,0.8640429338103757,0.9523809523809524,0.8642857142857143,0.8642857142857143
896080,0.976,0.9648924122310306,0.9648924122310306,0.9749430523917996,0.972972972972973,0.972972972972973
898005,0.963768115942029,0.9300699300699301,0.9300699300699301,0.9640287769784173,0.9305555555555556,0.9305555555555556
89888,0.9797822706065319,0.9617151607963247,0.9617151607963247,0.978328173374613,0.9573170731707317,0.9573170731707317
901170,0.9752380952380952,0.9516728624535316,0.9516728624535316,0.9696969696969697,0.9411764705882353,0.9411764705882353
908087,0.6858316221765914,0.06259780907668232,0.8805970149253731,0.6040816326530613,0.0,0.8690476190476191
908811,0.9738863287250383,0.9491017964071856,0.9491017964071856,0.9753086419753086,0.9518072289156626,0.9518072289156626
908973,0.9655172413793103,0.9380281690140845,0.9380281690140845,0.6440677966101694,0.6043956043956044,0.6043956043956044
913665,0.960352422907489,0.9396551724137931,0.9396551724137931,0.9655172413793104,0.9333333333333333,0.9333333333333333
914756,0.9877049180327869,0.9877049180327869,0.9877049180327869,1.0,1.0,1.0
915808,0.9897330595482546,0.9877049180327869,0.9877049180327869,1.0,1.0,1.0
916277,0.9953632148377125,0.9876923076923076,0.9876923076923076,0.9938650306748467,0.975609756097561,0.975609756097561
918188,0.9558573853989814,0.8739770867430442,0.8739770867430442,0.8745762711864407,0.8366013071895425,0.8366013071895425
918624,0.8979591836734693,0.7869718309859155,0.7869718309859155,0.9621212121212122,0.9191176470588235,0.9191176470588235
918776,0.94,0.9098591549295775,0.9098591549295775,0.9213483146067416,0.8681318681318682,0.8681318681318682
924203,0.9689737470167064,0.9575471698113207,0.9575471698113207,0.8490566037735849,0.8333333333333334,0.8333333333333334
92671,0.8367346938775511,0.49707602339181284,0.49707602339181284,0.8378378378378378,0.5116279069767442,0.5116279069767442
927646,0.9670743179680151,0.9377289377289377,0.9377289377289377,0.9662921348314606,0.9343065693430657,0.9343065693430657
931886,0.9530516431924883,0.8803680981595092,0.8803680981595092,0.95625,0.8834355828220859,0.8834355828220859
931948,0.9586614173228346,0.9528487229862476,0.9528487229862476,0.937007874015748,0.9375,0.9375
934960,0.5475599669148057,0.0,0.3380952380952381,0.4605263157894737,0.0,0.37142857142857144
935098,0.6351351351351351,0.0,0.7275,0.610738255033557,0.0,0.504950495049505
935708,0.6387636831938185,0.0,0.5473484848484849,0.6342710997442456,0.0,0.5488721804511278
936126,0.9149198520345253,0.8660287081339713,0.8660287081339713,0.7450980392156863,0.7169811320754716,0.7169811320754716
936827,0.8839285714285714,0.8181818181818182,0.8181818181818182,0.8875739644970415,0.8241758241758241,0.8241758241758241
939836,0.9945355191256832,0.9927272727272727,0.9927272727272727,1.0,1.0,1.0
940746,0.9701149425287358,0.9503012048192772,0.9503012048192772,0.30727762803234504,0.07582938388625593,0.08095238095238096
94112,0.9458388375165125,0.9304461942257218,0.9304461942257218,0.9421052631578947,0.9635416666666666,0.9635416666666666
943606,0.8759124087591241,0.8686131386861314,0.8686131386861314,0.7883211678832117,0.8115942028985508,0.8115942028985508
943947,0.9781729991915924,0.9648562300319489,0.9648562300319489,0.9710610932475884,0.9620253164556962,0.9620253164556962
945503,0.927047146401985,0.8143939393939394,0.8143939393939394,0.918811881188119,0.8264150943396227,0.8264150943396227
945854,0.6560364464692483,0.0,0.9659863945578231,0.9795918367346939,0.9795918367346939,0.9795918367346939
94790,0.9825378346915017,0.9790697674418605,0.9790697674418605,0.986046511627907,0.9722222222222222,0.9722222222222222
949314,0.897133220910624,0.8074534161490683,0.8074534161490683,0.8724832214765101,0.7682926829268293,0.7682926829268293
949703,0.9910828025477708,0.9823232323232324,0.9823232323232324,0.25380710659898476,0.24,0.7272727272727273
955871,0.6563467492260062,0.0,0.9592760180995475,0.6585365853658537,0.018867924528301886,0.9122807017543859
957139,0.9835616438356163,0.9675675675675676,0.9675675675675676,0.9782608695652174,0.9468085106382979,0.9468085106382979
958319,1.0,1.0,1.0,0.6094069529652351,0.552,0.552
959292,0.9759036144578314,0.9644970414201184,0.9644970414201184,0.9761904761904763,0.9534883720930233,0.9534883720930233
962568,0.9784411276948589,0.9561688311688312,0.9561688311688312,0.9768976897689768,0.9483870967741935,0.9483870967741935
962996,0.9415204678362573,0.8662900188323918,0.8662900188323918,0.8091603053435114,0.7338129496402878,0.7338129496402878
96436,0.9883720930232558,0.9770114942528736,0.9770114942528736,0.9885057471264368,0.9772727272727273,0.9772727272727273
967277,0.974820143884892,0.950530035335689,0.950530035335689,0.8936170212765957,0.8888888888888888,0.8888888888888888
967405,0.9785714285714286,0.951048951048951,0.951048951048951,0.971830985915493,0.9178082191780822,0.9178082191780822
968585,0.796474358974359,0.3626666666666667,0.3626666666666667,0.7961783439490446,0.35978835978835977,0.35978835978835977
968656,0.48198757763975153,0.0,0.46494464944649444,0.3069306930693069,0.0,0.7205882352941176
969845,0.9927007299270074,0.985480943738657,0.985480943738657,0.9855072463768116,0.9784172661870504,0.9784172661870504
976108,0.9799196787148594,0.976,0.976,0.976,0.9682539682539683,0.9682539682539683
977916,0.8839285714285714,0.8181818181818182,0.8181818181818182,0.8875739644970415,0.8241758241758241,0.8241758241758241
978481,0.977491961414791,0.959830866807611,0.959830866807611,0.8974358974358972,0.8739495798319328,0.8739495798319328
981837,0.8260292164674634,0.4859154929577465,0.4859154929577465,0.8042328042328043,0.48598130841121495,0.48598130841121495
981859,0.9878048780487805,0.963855421686747,0.963855421686747,0.9767441860465117,0.9090909090909091,0.9090909090909091
984365,0.9679012345679012,0.937799043062201,0.937799043062201,0.9671052631578947,0.9363057324840764,0.9363057324840764
988413,0.4410540915395284,0.4328767123287671,0.4328767123287671,0.39779005524861877,0.8586956521739131,0.8586956521739131
988552,0.983451536643026,0.9795918367346939,0.9795918367346939,0.9811320754716981,0.9875,0.9875
989761,0.8532289628180038,0.8029739776951673,0.8029739776951673,0.6511627906976744,0.6521739130434783,0.6521739130434783
99090,0.9617224880382775,0.9262672811059908,0.9262672811059908,0.5660377358490566,0.5454545454545454,0.5454545454545454
992892,0.6408768536428111,0.0,0.5483870967741935,0.641025641025641,0.0,0.553030303030303
99832,0.9803370786516854,0.9638888888888889,0.9638888888888889,0.9720670391061453,0.9560439560439561,0.9560439560439561
998415,0.9477611940298507,0.9054545454545454,0.9054545454545454,0.8515625000000001,0.7862595419847328,0.7862595419847328
MEAN,0.8905518947017109,0.7733130585704677,0.8717011100148845,0.8122783019442237,0.7196091942392784,0.8229246372134414
